,names,times,urls
0,李克强,2017/03/17,http://www.hprc.org.cn/wxzl/wxysl/lczf/d12qgrdzfbg/201703/t20170317_389845.html
1,李克强,2016/03/18,http://www.hprc.org.cn/wxzl/wxysl/lczf/d12qgrdzfbg/201603/t20160318_369509.html
2,李克强,2015/03/16,http://www.hprc.org.cn/wxzl/wxysl/lczf/d12qgrdzfbg/201503/t20150318_319434.html
3,李克强,2014/03/15,http://www.hprc.org.cn/wxzl/wxysl/lczf/d12qgrdzfbg/201403/t20140315_270863.html
4,温家宝,2014/02/14,http://www.hprc.org.cn/wxzl/wxysl/lczf/d12qgrdzfbg/201402/t20140214_266528.html
5,,2014/02/14,http://www.hprc.org.cn/wxzl/wxysl/lczf/dishiyijie/201402/t20140214_266527.html
6,温家宝,2011/03/15,http://www.hprc.org.cn/wxzl/wxysl/lczf/dishiyijie/201103/t20110315_153641.html
7,温家宝,2010/03/15,http://www.hprc.org.cn/wxzl/wxysl/lczf/dishiyijie/201003/t20100315_44772.html
8,温家宝,2009/03/05,http://www.hprc.org.cn/wxzl/wxysl/lczf/dishiyijie/200908/t20090817_27504.html
9,温家宝,2008/03/05,http://www.hprc.org.cn/wxzl/wxysl/lczf/dishiyijie/200908/t20090817_27495.html
10,温家宝,2007/03/05,http://www.hprc.org.cn/wxzl/wxysl/lczf/dishiyijie_1/200908/t20090818_27775.html
11,温家宝,2006/03/05,http://www.hprc.org.cn/wxzl/wxysl/lczf/dishiyijie_1/200908/t20090818_27765.html
12,温家宝,2005/03/05,http://www.hprc.org.cn/wxzl/wxysl/lczf/dishiyijie_1/200908/t20090818_27757.html
13,温家宝,2004/03/05,http://www.hprc.org.cn/wxzl/wxysl/lczf/dishiyijie_1/200908/t20090818_27756.html
14,朱F基,2003/03/05,http://www.hprc.org.cn/wxzl/wxysl/lczf/dishiyijie_1/200908/t20090818_27753.html
15,朱F基,2002/03/05,http://www.hprc.org.cn/wxzl/wxysl/lczf/dishiyijie_2/200908/t20090818_27744.html
16,朱F基,2001/03/05,http://www.hprc.org.cn/wxzl/wxysl/lczf/dishiyijie_2/200908/t20090818_27741.html
17,朱F基,2000/03/05,http://www.hprc.org.cn/wxzl/wxysl/lczf/dishiyijie_2/200908/t20090818_27738.html
18,朱F基,1999/03/05,http://www.hprc.org.cn/wxzl/wxysl/lczf/dishiyijie_2/200908/t20090818_27737.html
19,李鹏,1998/03/05,http://www.hprc.org.cn/wxzl/wxysl/lczf/dishiyijie_2/200908/t20090818_27736.html
20,李鹏,1997/03/01,http://www.hprc.org.cn/wxzl/wxysl/lczf/dishiyijie_3/200908/t20090818_27709.html
21,李鹏,1996/03/05,http://www.hprc.org.cn/wxzl/wxysl/lczf/dishiyijie_3/200908/t20090818_27708.html
22,李鹏,1995/03/05,http://www.hprc.org.cn/wxzl/wxysl/lczf/dishiyijie_3/200908/t20090818_27707.html
23,李鹏,1994/03/10,http://www.hprc.org.cn/wxzl/wxysl/lczf/dishiyijie_3/200908/t20090818_27706.html
24,李鹏,1993/03/15,http://www.hprc.org.cn/wxzl/wxysl/lczf/dishiyijie_3/200908/t20090818_27705.html
25,李鹏,1992/03/20,http://www.hprc.org.cn/wxzl/wxysl/lczf/dishiyijie_4/200908/t20090818_27702.html
26,邹家华,1991/03/26,http://www.hprc.org.cn/wxzl/wxysl/lczf/dishiyijie_4/200908/t20090818_27700.html
27,李鹏,1990/01/20,http://www.hprc.org.cn/wxzl/wxysl/lczf/dishiyijie_4/200908/t20090818_27699.html
28,李鹏,1989/03/20,http://www.hprc.org.cn/wxzl/wxysl/lczf/dishiyijie_4/200908/t20090818_27678.html
29,李鹏,1988/03/25,http://www.hprc.org.cn/wxzl/wxysl/lczf/dishiyijie_4/200908/t20090818_27644.html
30,赵紫阳,1987/03/25,http://www.hprc.org.cn/wxzl/wxysl/lczf/dishiyijie_5/200908/t20090818_27642.html
31,赵紫阳,1986/03/25,http://www.hprc.org.cn/wxzl/wxysl/lczf/dishiyijie_5/200908/t20090818_27640.html
32,赵紫阳,1985/03/27,http://www.hprc.org.cn/wxzl/wxysl/lczf/dishiyijie_5/200908/t20090818_27616.html
33,赵紫阳,1984/05/15,http://www.hprc.org.cn/wxzl/wxysl/lczf/dishiyijie_5/200908/t20090818_27615.html
34,赵紫阳,1983/06/06,http://www.hprc.org.cn/wxzl/wxysl/lczf/dishiyijie_5/200908/t20090818_27614.html
35,赵紫阳,1982/11/30,http://www.hprc.org.cn/wxzl/wxysl/lczf/dishiyijie_6/200908/t20090818_27613.html
36,赵紫阳,1981/11/30,http://www.hprc.org.cn/wxzl/wxysl/lczf/dishiyijie_6/200908/t20090818_27612.html
37,姚依林,1980/08/30,http://www.hprc.org.cn/wxzl/wxysl/lczf/dishiyijie_6/200908/t20090818_27611.html
38,华国锋,1979/06/18,http://www.hprc.org.cn/wxzl/wxysl/lczf/dishiyijie_6/200908/t20090818_27567.html
39,华国锋,1978/02/26,http://www.hprc.org.cn/wxzl/wxysl/lczf/dishiyijie_6/200908/t20090818_27566.html
40,周恩来,1975/01/13,http://www.hprc.org.cn/wxzl/wxysl/lczf/dishiyijie_7/200908/t20090818_27565.html
41,周恩来,1964/12/21,http://www.hprc.org.cn/wxzl/wxysl/lczf/dishiyijie_8/200908/t20090818_27564.html
42,周恩来,1959/04/18,http://www.hprc.org.cn/wxzl/wxysl/lczf/dishiyijie_9/200908/t20090818_27562.html
43,谭震林,1960/04/06,http://www.hprc.org.cn/wxzl/wxysl/lczf/dishiyijie_9/200908/t20090818_27563.html
44,周恩来,1957/06/26,http://www.hprc.org.cn/wxzl/wxysl/lczf/dishiyijie_10/200908/t20090818_27561.html
45,李先念,1956/06/15,http://www.hprc.org.cn/wxzl/wxysl/lczf/dishiyijie_10/200908/t20090818_27560.html
46,李富春,1955/07/05,http://www.hprc.org.cn/wxzl/wxysl/lczf/dishiyijie_10/200908/t20090818_27559.html
47,周恩来,1954/05/23,http://www.hprc.org.cn/wxzl/wxysl/lczf/dishiyijie_10/200908/t20090818_27558.html
